<?xml version="1.0" encoding="UTF-8"?>
<project-private xmlns="http://www.netbeans.org/ns/project-private/1">
    <editor-bookmarks xmlns="http://www.netbeans.org/ns/editor-bookmarks/2" lastBookmarkId="0"/>
    <open-files xmlns="http://www.netbeans.org/ns/projectui-open-files/2">
        <group>
            <file>file:/D:/Servlet/MyProject/ShoesShop/src/java/com/shoesshop/model/ProductDTO.java</file>
            <file>file:/D:/Servlet/MyProject/ShoesShop/src/java/com/shoesshop/controller/ProductController.java</file>
            <file>file:/D:/Servlet/MyProject/ShoesShop/web/Employeeview/css/styles.css</file>
            <file>file:/D:/Servlet/MyProject/ShoesShop/web/Viewpack/Home.jsp</file>
            <file>file:/D:/Servlet/MyProject/ShoesShop/web/Employeeview/Dashboard.jsp</file>
            <file>file:/D:/Servlet/MyProject/ShoesShop/src/java/com/shoesshop/model/ProductDAO.java</file>
        </group>
    </open-files>
</project-private>
