<?xml version="1.0" encoding="UTF-8"?>
<project-private xmlns="http://www.netbeans.org/ns/project-private/1">
    <editor-bookmarks xmlns="http://www.netbeans.org/ns/editor-bookmarks/2" lastBookmarkId="0"/>
    <open-files xmlns="http://www.netbeans.org/ns/projectui-open-files/2">
        <group>
            <file>file:/D:/Servlet/Project/WebApplication2/web/RegistrationData.jsp</file>
            <file>file:/D:/Servlet/Project/WebApplication2/web/index.html</file>
            <file>file:/D:/Servlet/Project/WebApplication2/web/UserInfo.jsp</file>
            <file>file:/D:/Servlet/Project/WebApplication2/web/registrationDataStore.jsp</file>
            <file>file:/D:/Servlet/Project/WebApplication2/web/css/style.css</file>
            <file>file:/D:/Servlet/Project/WebApplication2/web/registration.css</file>
            <file>file:/D:/Servlet/Project/WebApplication2/web/LogInCheck.jsp</file>
        </group>
    </open-files>
</project-private>
